resistencia,tiempo,VCH2
9000,-0.00056,-1.08
9000,-0.000556,-1.06
9000,-0.000552,-1.06
9000,-0.000548,-1.06
9000,-0.000544,-1.08
9000,-0.0005399999999999999,-1.06
9000,-0.0005359999999999999,-1.06
9000,-0.0005319999999999999,-1.06
9000,-0.0005279999999999999,-1.04
9000,-0.0005239999999999999,-1.06
9000,-0.00052,-1.06
9000,-0.000516,-1.06
9000,-0.000512,-1.06
9000,-0.000508,-1.06
9000,-0.000504,-1.06
9000,-0.0005,-1.06
9000,-0.0004959999999999999,-1.06
9000,-0.0004919999999999999,-1.06
9000,-0.00048799999999999994,-1.06
9000,-0.00048399999999999995,-1.06
9000,-0.00047999999999999996,-1.06
9000,-0.00047599999999999997,-1.1400000000000001
9000,-0.000472,-1.06
9000,-0.00046799999999999994,-1.06
9000,-0.00046399999999999995,-1.06
9000,-0.00045999999999999996,-1.06
9000,-0.00045599999999999997,-1.08
9000,-0.00045199999999999993,-1.08
9000,-0.00044799999999999994,-1.06
9000,-0.00044399999999999995,-1.08
9000,-0.00043999999999999996,-1.04
9000,-0.00043599999999999997,-1.06
9000,-0.000432,-1.08
9000,-0.000428,-1.06
9000,-0.00042399999999999995,-1.06
9000,-0.00041999999999999996,-1.06
9000,-0.0004159999999999999,-1.06
9000,-0.00041199999999999993,-1.08
9000,-0.00040799999999999994,-1.06
9000,-0.00040399999999999995,-1.06
9000,-0.00039999999999999996,-1.08
9000,-0.000396,-1.06
9000,-0.000392,-1.06
9000,-0.000388,-1.08
9000,-0.00038399999999999996,-1.06
9000,-0.00037999999999999997,-1.08
9000,-0.0003759999999999999,-1.06
9000,-0.00037199999999999993,-1.08
9000,-0.00036799999999999995,-1.08
9000,-0.00036399999999999996,-1.06
9000,-0.00035999999999999997,-1.08
9000,-0.000356,-1.06
9000,-0.000352,-1.06
9000,-0.00034799999999999995,-1.06
9000,-0.00034399999999999996,-1.06
9000,-0.00033999999999999997,-1.06
9000,-0.00033599999999999993,-1.04
9000,-0.00033199999999999994,-1.06
9000,-0.00032799999999999995,-1.08
9000,-0.00032399999999999996,-1.06
9000,-0.00031999999999999997,-1.08
9000,-0.000316,-1.08
9000,-0.00031199999999999994,-1.08
9000,-0.00030799999999999995,-1.06
9000,-0.00030399999999999996,-1.06
9000,-0.0003,-1.08
9000,-0.000296,-1.08
9000,-0.00029199999999999994,-1.04
9000,-0.00028799999999999995,-1.06
9000,-0.00028399999999999996,-1.08
9000,-0.00028,-1.08
9000,-0.000276,-1.04
9000,-0.00027199999999999994,-1.08
9000,-0.00026799999999999995,-1.08
9000,-0.00026399999999999997,-1.08
9000,-0.00026,-1.08
9000,-0.000256,-1.08
9000,-0.00025199999999999995,-1.08
9000,-0.00024799999999999996,-1.08
9000,-0.00024399999999999997,-1.06
9000,-0.00023999999999999998,-1.08
9000,-0.000236,-1.08
9000,-0.00023199999999999995,-1.06
9000,-0.00022799999999999996,-1.08
9000,-0.00022399999999999997,-1.08
9000,-0.00021999999999999998,-1.06
9000,-0.000216,-1.06
9000,-0.00021199999999999995,-1.06
9000,-0.00020799999999999996,-1.08
9000,-0.00020399999999999997,-1.06
9000,-0.00019999999999999998,-1.08
9000,-0.000196,-1.08
9000,-0.00019199999999999995,-1.08
9000,-0.00018799999999999996,-1.06
9000,-0.00018399999999999997,-1.08
9000,-0.00017999999999999998,-1.08
9000,-0.00017599999999999994,-1.08
9000,-0.00017199999999999995,-1.08
9000,-0.00016799999999999996,-1.08
9000,-0.00016399999999999997,-1.08
9000,-0.00015999999999999999,-1.08
9000,-0.00015599999999999994,-1.06
9000,-0.00015199999999999995,-1.08
9000,-0.00014799999999999997,-1.08
9000,-0.00014399999999999998,-1.08
9000,-0.00014,-1.06
9000,-0.00013599999999999994,-1.06
9000,-0.00013199999999999996,-1.08
9000,-0.00012799999999999997,-1.08
9000,-0.00012399999999999998,-1.08
9000,-0.00011999999999999999,-1.08
9000,-0.00011599999999999995,-1.08
9000,-0.00011199999999999996,-1.08
9000,-0.00010799999999999997,-1.08
9000,-0.00010399999999999998,-1.08
9000,-9.999999999999999e-05,-1.08
9000,-9.599999999999995e-05,-1.08
9000,-9.199999999999996e-05,-1.08
9000,-8.799999999999997e-05,-1.08
9000,-8.399999999999998e-05,-1.06
9000,-7.999999999999999e-05,-1.06
9000,-7.599999999999995e-05,-1.0
9000,-7.199999999999996e-05,-1.08
9000,-6.800000000000003e-05,-1.08
9000,-6.399999999999993e-05,-1.08
9000,-5.999999999999994e-05,-1.08
9000,-5.599999999999995e-05,-1.08
9000,-5.199999999999996e-05,-1.06
9000,-4.7999999999999974e-05,-1.08
9000,-4.3999999999999985e-05,-1.04
9000,-3.9999999999999996e-05,-1.08
9000,-3.600000000000001e-05,-1.08
9000,-3.200000000000002e-05,-1.1
9000,-2.799999999999992e-05,-1.08
9000,-2.3999999999999933e-05,-1.1
9000,-1.9999999999999944e-05,-1.06
9000,-1.5999999999999955e-05,-1.08
9000,-1.1999999999999966e-05,-1.08
9000,-7.999999999999978e-06,-1.08
9000,-3.999999999999989e-06,-1.08
9000,0.0,-1.06
9000,3.999999999999989e-06,-1.06
9000,7.999999999999978e-06,-1.04
9000,1.2000000000000075e-05,-1.04
9000,1.6000000000000064e-05,-1.04
9000,2.0000000000000052e-05,-1.02
9000,2.400000000000004e-05,-0.98
9000,2.800000000000003e-05,-1.0
9000,3.200000000000002e-05,-0.98
9000,3.600000000000001e-05,-0.96
9000,3.9999999999999996e-05,-0.96
9000,4.3999999999999985e-05,-0.9400000000000001
9000,4.7999999999999974e-05,-0.9400000000000001
9000,5.200000000000007e-05,-0.9400000000000001
9000,5.600000000000006e-05,-0.92
9000,6.000000000000005e-05,-0.9
9000,6.400000000000004e-05,-0.88
9000,6.800000000000003e-05,-0.9
9000,7.200000000000002e-05,-0.9
9000,7.6e-05,-0.88
9000,7.999999999999999e-05,-0.88
9000,8.399999999999998e-05,-0.86
9000,8.799999999999997e-05,-0.84
9000,9.200000000000007e-05,-0.8200000000000001
9000,9.600000000000006e-05,-0.8200000000000001
9000,0.00010000000000000005,-0.8200000000000001
9000,0.00010400000000000003,-0.8200000000000001
9000,0.00010800000000000002,-0.8200000000000001
9000,0.00011200000000000001,-0.78
9000,0.000116,-0.78
9000,0.00011999999999999999,-0.78
9000,0.00012399999999999998,-0.8
9000,0.00012799999999999997,-0.74
9000,0.00013200000000000006,-0.74
9000,0.00013600000000000005,-0.72
9000,0.00014000000000000004,-0.74
9000,0.00014400000000000003,-0.7000000000000001
9000,0.00014800000000000002,-0.7000000000000001
9000,0.000152,-0.7000000000000001
9000,0.000156,-0.68
9000,0.00015999999999999999,-0.66
9000,0.00016399999999999997,-0.68
9000,0.00016799999999999996,-0.7000000000000001
9000,0.00017200000000000006,-0.66
9000,0.00017600000000000005,-0.64
9000,0.00018000000000000004,-0.64
9000,0.00018400000000000003,-0.64
9000,0.00018800000000000002,-0.64
9000,0.000192,-0.62
9000,0.000196,-0.62
9000,0.00019999999999999998,-0.6
9000,0.00020399999999999997,-0.6
9000,0.00020800000000000007,-0.58
9000,0.00021200000000000006,-0.58
9000,0.00021600000000000005,-0.56
9000,0.00022000000000000003,-0.56
9000,0.00022400000000000002,-0.54
9000,0.000228,-0.54
9000,0.000232,-0.52
9000,0.000236,-0.52
9000,0.00023999999999999998,-0.52
9000,0.00024399999999999997,-0.52
9000,0.00024800000000000007,-0.5
9000,0.00025200000000000005,-0.5
9000,0.00025600000000000004,-0.5
9000,0.00026000000000000003,-0.48
9000,0.000264,-0.48
9000,0.000268,-0.46
9000,0.000272,-0.46
9000,0.000276,-0.46
9000,0.00028,-0.46
9000,0.00028399999999999996,-0.46
9000,0.00028800000000000006,-0.44
9000,0.00029200000000000005,-0.42
9000,0.00029600000000000004,-0.42
9000,0.00030000000000000003,-0.4
9000,0.000304,-0.4
9000,0.000308,-0.4
9000,0.000312,-0.38
9000,0.000316,-0.4
9000,0.00031999999999999997,-0.38
9000,0.00032399999999999996,-0.4
9000,0.00032800000000000006,-0.36
9000,0.00033200000000000005,-0.36
9000,0.00033600000000000004,-0.36
9000,0.00034,-0.34
9000,0.000344,-0.34
9000,0.000348,-0.32
9000,0.000352,-0.32
9000,0.000356,-0.32
9000,0.00035999999999999997,-0.3
9000,0.00036399999999999996,-0.28
9000,0.00036800000000000005,-0.26
9000,0.00037200000000000004,-0.26
9000,0.00037600000000000003,-0.26
9000,0.00038,-0.26
9000,0.000384,-0.26
9000,0.000388,-0.26
9000,0.000392,-0.24
9000,0.000396,-0.26
9000,0.00039999999999999996,-0.22
9000,0.00040399999999999995,-0.24
9000,0.00040800000000000005,-0.22
9000,0.00041200000000000004,-0.22
9000,0.00041600000000000003,-0.2
9000,0.00042,-0.2
9000,0.0004239999999999999,-0.2
9000,0.000428,-0.2
9000,0.0004320000000000001,-0.18
9000,0.00043599999999999997,-0.18
9000,0.00044000000000000007,-0.18
9000,0.00044399999999999995,-0.18
9000,0.00044800000000000005,-0.16
9000,0.00045199999999999993,-0.14
9000,0.000456,-0.16
9000,0.0004599999999999999,-0.14
9000,0.000464,-0.14
9000,0.0004680000000000001,-0.12
9000,0.000472,-0.14
9000,0.0004760000000000001,-0.12
9000,0.00047999999999999996,-0.12
9000,0.00048400000000000006,-0.1
9000,0.00048799999999999994,-0.12
9000,0.000492,-0.1
9000,0.0004959999999999999,-0.08
9000,0.0005,-0.1
9000,0.0005040000000000001,-0.08
9000,0.000508,-0.06
9000,0.0005120000000000001,-0.06
9000,0.000516,-0.06
9000,0.0005200000000000001,-0.04
9000,0.0005239999999999999,0.0
9000,0.000528,-0.04
9000,0.0005319999999999999,-0.04
9000,0.000536,-0.04
9000,0.0005399999999999999,-0.04
9000,0.000544,-0.02
9000,0.0005480000000000001,-0.02
9000,0.000552,-0.02
9000,0.0005560000000000001,0.0
9000,0.00056,0.0
9000,0.000564,0.0
9000,0.0005679999999999999,0.02
9000,0.000572,0.02
9000,0.0005759999999999999,0.02
9000,0.00058,0.04
9000,0.0005840000000000001,0.02
9000,0.000588,0.04
9000,0.0005920000000000001,0.06
9000,0.000596,0.04
9000,0.0006000000000000001,0.06
9000,0.0006039999999999999,0.08
9000,0.000608,0.06
9000,0.0006119999999999999,0.06
9000,0.000616,0.06
9000,0.0006199999999999999,0.06
9000,0.000624,0.08
9000,0.0006280000000000001,0.08
9000,0.000632,0.1
9000,0.0006360000000000001,0.1
9000,0.0006399999999999999,0.1
9000,0.000644,0.12
9000,0.0006479999999999999,0.12
9000,0.000652,0.12
9000,0.0006559999999999999,0.12
9000,0.00066,0.12
9000,0.0006640000000000001,0.12
9000,0.000668,0.12
9000,0.0006720000000000001,0.14
9000,0.000676,0.16
9000,0.00068,0.16
9000,0.0006839999999999999,0.14
9000,0.000688,0.16
9000,0.0006919999999999999,0.16
9000,0.000696,0.18
9000,0.0006999999999999999,0.18
9000,0.000704,0.18
9000,0.0007080000000000001,0.18
9000,0.000712,0.18
9000,0.0007160000000000001,0.22
9000,0.0007199999999999999,0.2
9000,0.000724,0.2
9000,0.0007279999999999999,0.22
9000,0.000732,0.2
9000,0.0007359999999999999,0.24
9000,0.00074,0.22
9000,0.0007440000000000001,0.24
9000,0.000748,0.22
9000,0.0007520000000000001,0.22
9000,0.0007559999999999999,0.24
9000,0.00076,0.24
9000,0.0007639999999999999,0.24
9000,0.000768,0.22
9000,0.0007719999999999999,0.26
9000,0.000776,0.26
9000,0.0007800000000000001,0.26
9000,0.000784,0.26
9000,0.0007880000000000001,0.26
9000,0.000792,0.28
9000,0.000796,0.28
9000,0.0007999999999999999,0.28
9000,0.000804,0.3
9000,0.0008079999999999999,0.3
9000,0.000812,0.3
9000,0.0008159999999999999,0.32
9000,0.00082,0.32
9000,0.0008240000000000001,0.3
9000,0.000828,0.3
9000,0.0008320000000000001,0.32
9000,0.0008359999999999999,0.32
9000,0.00084,0.32
9000,0.0008439999999999999,0.32
9000,0.000848,0.32
9000,0.0008519999999999999,0.32
9000,0.000856,0.34
9000,0.0008600000000000001,0.34
9000,0.000864,0.34
9000,0.0008680000000000001,0.36
9000,0.0008719999999999999,0.36
9000,0.000876,0.36
9000,0.0008799999999999999,0.36
9000,0.000884,0.36
9000,0.0008879999999999999,0.36
9000,0.000892,0.38
9000,0.0008959999999999999,0.36
9000,0.0009,0.38
9000,0.0009040000000000001,0.38
9000,0.000908,0.38
9000,0.000912,0.4
9000,0.0009159999999999999,0.38
9000,0.00092,0.4
9000,0.0009239999999999999,0.34
9000,0.000928,0.42
9000,0.0009319999999999999,0.4
9000,0.000936,0.42
9000,0.0009400000000000001,0.44
9000,0.000944,0.44
9000,0.0009480000000000001,0.44
9000,0.0009519999999999999,0.44
9000,0.000956,0.44
9000,0.0009599999999999999,0.44
9000,0.000964,0.44
9000,0.0009679999999999999,0.48
9000,0.000972,0.44
9000,0.0009760000000000001,0.44
9000,0.00098,0.44
9000,0.000984,0.46
9000,0.000988,0.46
9000,0.000992,0.48
9000,0.000996,0.48
9000,0.001,0.48
9000,0.001004,0.48
9000,0.001008,0.48
9000,0.0010119999999999999,0.48
9000,0.001016,0.48
9000,0.00102,0.48
9000,0.001024,0.48
9000,0.001028,0.48
9000,0.001032,0.5
9000,0.001036,0.5
9000,0.00104,0.52
9000,0.001044,0.52
9000,0.0010479999999999999,0.52
9000,0.001052,0.52
9000,0.001056,0.5
9000,0.00106,0.52
9000,0.001064,0.52
9000,0.001068,0.52
9000,0.001072,0.52
9000,0.001076,0.52
9000,0.00108,0.54
9000,0.001084,0.54
9000,0.001088,0.54
9000,0.0010919999999999999,0.54
9000,0.001096,0.54
9000,0.0011,0.54
9000,0.001104,0.54
9000,0.001108,0.56
9000,0.001112,0.56
9000,0.001116,0.56
9000,0.00112,0.58
9000,0.001124,0.58
9000,0.0011279999999999999,0.56
9000,0.001132,0.56
9000,0.001136,0.56
9000,0.00114,0.58
9000,0.001144,0.58
9000,0.001148,0.58
9000,0.001152,0.58
9000,0.001156,0.58
9000,0.00116,0.58
9000,0.0011639999999999999,0.6
9000,0.001168,0.64
9000,0.0011719999999999999,0.6
9000,0.001176,0.6
9000,0.00118,0.6
9000,0.001184,0.6
9000,0.001188,0.62
9000,0.001192,0.62
9000,0.001196,0.62
9000,0.0012,0.62
9000,0.001204,0.62
9000,0.0012079999999999999,0.62
9000,0.001212,0.62
9000,0.001216,0.62
9000,0.00122,0.64
9000,0.001224,0.62
9000,0.001228,0.64
9000,0.001232,0.62
9000,0.001236,0.64
9000,0.00124,0.66
9000,0.0012439999999999999,0.66
9000,0.001248,0.66
9000,0.001252,0.64
9000,0.001256,0.66
9000,0.00126,0.64
9000,0.001264,0.68
9000,0.001268,0.68
9000,0.001272,0.68
9000,0.001276,0.68
9000,0.0012799999999999999,0.68
9000,0.001284,0.68
9000,0.0012879999999999999,0.66
9000,0.001292,0.68
9000,0.001296,0.68
9000,0.0013,0.68
9000,0.001304,0.7000000000000001
9000,0.001308,0.7000000000000001
9000,0.001312,0.7000000000000001
9000,0.001316,0.7000000000000001
9000,0.00132,0.7000000000000001
9000,0.0013239999999999999,0.74
9000,0.001328,0.7000000000000001
9000,0.001332,0.7000000000000001
9000,0.001336,0.7000000000000001
9000,0.00134,0.7000000000000001
9000,0.001344,0.7000000000000001
9000,0.001348,0.72
9000,0.001352,0.72
9000,0.001356,0.7000000000000001
9000,0.0013599999999999999,0.74
9000,0.001364,0.72
9000,0.0013679999999999999,0.68
9000,0.001372,0.72
9000,0.001376,0.74
9000,0.00138,0.74
9000,0.001384,0.74
9000,0.001388,0.72
9000,0.001392,0.74
9000,0.0013959999999999999,0.74
9000,0.0014,0.74
9000,0.001404,0.74
9000,0.0014079999999999997,0.74
9000,0.0014119999999999998,0.74
9000,0.001416,0.76
9000,0.00142,0.74
9000,0.0014240000000000001,0.76
9000,0.0014279999999999998,0.76
9000,0.001432,0.76
9000,0.001436,0.76
9000,0.00144,0.76
9000,0.0014439999999999998,0.76
9000,0.0014479999999999999,0.76
9000,0.001452,0.76
9000,0.001456,0.76
9000,0.0014600000000000001,0.78
9000,0.0014639999999999998,0.78
9000,0.001468,0.78
9000,0.001472,0.78
9000,0.001476,0.78
9000,0.0014799999999999998,0.78
9000,0.0014839999999999999,0.8
9000,0.001488,0.8
9000,0.001492,0.78
9000,0.0014960000000000002,0.78
9000,0.0014999999999999998,0.8
9000,0.001504,0.78
9000,0.001508,0.78
9000,0.001512,0.8
9000,0.0015159999999999998,0.8200000000000001
9000,0.0015199999999999999,0.8
9000,0.001524,0.78
9000,0.001528,0.8
9000,0.0015320000000000002,0.78
9000,0.0015359999999999998,0.8200000000000001
9000,0.00154,0.8
9000,0.001544,0.8
9000,0.0015480000000000001,0.8200000000000001
9000,0.0015519999999999998,0.8
9000,0.0015559999999999999,0.8200000000000001
9000,0.00156,0.8200000000000001
9000,0.001564,0.8200000000000001
9000,0.0015680000000000002,0.8
9000,0.0015719999999999998,0.8200000000000001
9000,0.001576,0.8200000000000001
9000,0.00158,0.8200000000000001
9000,0.0015840000000000001,0.8200000000000001
9000,0.0015879999999999998,0.84
9000,0.0015919999999999999,0.8200000000000001
9000,0.001596,0.8200000000000001
9000,0.0016,0.8200000000000001
9000,0.0016039999999999997,0.84
9000,0.0016079999999999998,0.86
9000,0.001612,0.84
9000,0.001616,0.84
9000,0.0016200000000000001,0.86
9000,0.0016239999999999998,0.86
9000,0.0016279999999999999,0.86
9000,0.001632,0.84
9000,0.001636,0.84
9000,0.0016399999999999997,0.84
9000,0.0016439999999999998,0.86
9000,0.001648,0.86
9000,0.001652,0.86
9000,0.0016560000000000001,0.86
9000,0.0016599999999999998,0.88
9000,0.001664,0.88
9000,0.001668,0.86
9000,0.001672,0.88
9000,0.0016759999999999998,0.86
9000,0.0016799999999999999,0.88
9000,0.001684,0.88
9000,0.001688,0.88
9000,0.0016920000000000001,0.88
9000,0.0016959999999999998,0.9
9000,0.0017,0.88
9000,0.001704,0.88
9000,0.001708,0.88
9000,0.0017119999999999998,0.9
9000,0.0017159999999999999,0.88
9000,0.00172,0.88
9000,0.001724,0.88
9000,0.0017280000000000002,0.9
9000,0.0017319999999999998,0.88
9000,0.001736,0.9
9000,0.00174,0.9
9000,0.001744,0.9
9000,0.0017479999999999998,0.9
9000,0.0017519999999999999,0.9
9000,0.001756,0.9
9000,0.00176,0.9
9000,0.0017640000000000002,0.9
9000,0.0017679999999999998,0.9400000000000001
9000,0.001772,0.9
9000,0.001776,0.9
9000,0.0017800000000000001,0.9
9000,0.0017839999999999998,0.92
9000,0.0017879999999999999,0.92
9000,0.001792,0.9
9000,0.001796,0.92
9000,0.0017999999999999997,0.92
9000,0.0018039999999999998,0.92
9000,0.001808,0.9400000000000001
9000,0.001812,0.92
9000,0.0018160000000000001,0.9400000000000001
9000,0.0018199999999999998,0.9400000000000001
9000,0.0018239999999999999,0.92
9000,0.001828,0.92
9000,0.001832,0.9400000000000001
9000,0.0018359999999999997,0.9400000000000001
9000,0.0018399999999999998,0.9400000000000001
9000,0.001844,0.92
9000,0.001848,0.9400000000000001
9000,0.0018520000000000001,0.9400000000000001
9000,0.0018559999999999998,0.9400000000000001
9000,0.0018599999999999999,0.96
9000,0.001864,0.9400000000000001
9000,0.001868,0.9400000000000001
9000,0.0018719999999999997,0.96
9000,0.0018759999999999998,0.96
9000,0.00188,0.9400000000000001
9000,0.001884,0.96
9000,0.0018880000000000001,0.9400000000000001
9000,0.0018919999999999998,0.96
9000,0.001896,0.96
9000,0.0019,0.96
9000,0.001904,0.96
9000,0.0019079999999999998,0.96
9000,0.0019119999999999999,0.96
9000,0.001916,0.96
9000,0.00192,0.96
9000,0.0019240000000000001,0.98
9000,0.0019279999999999998,0.96
9000,0.001932,0.96
9000,0.001936,0.96
9000,0.00194,1.0
9000,0.0019439999999999998,0.96
9000,0.0019479999999999999,0.96
9000,0.001952,0.98
9000,0.0019560000000000003,0.98
9000,0.00196,0.98
9000,0.0019639999999999996,0.98
9000,0.001968,0.9400000000000001
9000,0.001972,0.98
9000,0.0019760000000000003,0.98
9000,0.00198,0.98
9000,0.0019839999999999997,0.98
9000,0.001988,0.96
9000,0.001992,0.98
9000,0.0019959999999999995,1.0
9000,0.002,1.0
9000,0.0020039999999999997,0.98
9000,0.0020080000000000002,0.96
9000,0.002012,0.98
9000,0.0020159999999999996,0.98
9000,0.00202,1.0
9000,0.0020239999999999998,1.0
9000,0.0020280000000000003,0.98
9000,0.002032,1.0
9000,0.0020359999999999996,0.98
9000,0.00204,1.0
9000,0.002044,1.0
9000,0.0020480000000000003,1.0
9000,0.002052,1.0
9000,0.0020559999999999997,1.0
9000,0.00206,1.0
9000,0.002064,1.0
9000,0.0020679999999999995,1.0
9000,0.002072,1.0
9000,0.0020759999999999997,1.0
9000,0.0020800000000000003,1.0
9000,0.002084,1.0
9000,0.0020879999999999996,1.0
9000,0.002092,1.02
9000,0.0020959999999999998,1.0
9000,0.0021000000000000003,1.02
9000,0.002104,1.02
9000,0.0021079999999999996,1.02
9000,0.002112,1.0
9000,0.002116,1.02
9000,0.0021200000000000004,1.02
9000,0.002124,1.02
9000,0.0021279999999999997,1.0
9000,0.002132,1.02
9000,0.002136,1.02
9000,0.0021399999999999995,1.02
9000,0.002144,1.02
9000,0.0021479999999999997,1.02
9000,0.0021520000000000003,1.02
9000,0.002156,1.02
9000,0.0021599999999999996,1.02
9000,0.002164,1.04
9000,0.002168,0.96
9000,0.0021720000000000003,1.04
9000,0.002176,1.0
9000,0.0021799999999999996,1.04
9000,0.002184,1.04
9000,0.002188,1.04
9000,0.0021919999999999995,1.04
9000,0.002196,1.04
9000,0.0021999999999999997,1.04
9000,0.0022040000000000002,1.02
9000,0.002208,1.04
9000,0.0022119999999999996,1.04
9000,0.002216,1.06
9000,0.0022199999999999998,1.06
9000,0.0022240000000000003,1.04
9000,0.002228,1.04
9000,0.0022319999999999996,1.04
9000,0.002236,1.06
9000,0.00224,1.04
9000,0.0022440000000000003,1.04
9000,0.002248,1.04
9000,0.0022519999999999997,1.04
9000,0.002256,1.06
9000,0.00226,1.06
9000,0.0022639999999999995,1.02
9000,0.002268,1.06
9000,0.0022719999999999997,1.06
9000,0.0022760000000000002,1.04
9000,0.00228,1.04
9000,0.0022839999999999996,1.06
9000,0.002288,1.04
9000,0.0022919999999999998,1.06
9000,0.0022960000000000003,1.06
9000,0.0023,1.08
9000,0.0023039999999999996,1.08
9000,0.002308,1.06
9000,0.002312,1.06
9000,0.0023160000000000004,1.06
9000,0.00232,1.06
9000,0.0023239999999999997,1.06
9000,0.002328,1.08
9000,0.002332,1.06
9000,0.0023359999999999995,1.08
9000,0.00234,1.06
9000,0.0023439999999999997,1.06
9000,0.0023480000000000003,1.08
9000,0.002352,1.08
9000,0.0023559999999999996,1.08
9000,0.00236,1.06
9000,0.0023639999999999998,1.08
9000,0.0023680000000000003,1.1400000000000001
9000,0.002372,1.06
9000,0.0023759999999999996,1.06
9000,0.00238,1.08
9000,0.002384,1.08
9000,0.0023879999999999995,1.08
9000,0.002392,1.1
9000,0.0023959999999999997,1.08
9000,0.0024000000000000002,1.08
9000,0.002404,1.08
9000,0.0024079999999999996,1.06
9000,0.002412,1.08
9000,0.0024159999999999997,1.1
9000,0.0024200000000000003,1.08
9000,0.002424,1.06
9000,0.0024279999999999996,1.08
9000,0.002432,1.08
9000,0.002436,1.1
9000,0.0024400000000000003,1.1
9000,0.002444,1.08
9000,0.0024479999999999997,1.1
9000,0.002452,1.1
9000,0.002456,1.08
9000,0.0024599999999999995,1.1
9000,0.002464,1.08
9000,0.0024679999999999997,1.08
9000,0.0024720000000000002,1.1
9000,0.002476,1.08
9000,0.0024799999999999996,1.1
9000,0.002484,1.1
9000,0.0024879999999999998,1.1
9000,0.0024920000000000003,1.12
9000,0.002496,1.1
9000,0.0024999999999999996,1.1
9000,0.002504,1.1
9000,0.002508,1.1
9000,0.0025120000000000003,1.1
9000,0.002516,1.1
9000,0.0025199999999999997,1.1
9000,0.002524,1.1
9000,0.002528,1.12
9000,0.0025319999999999995,1.12
9000,0.002536,1.1
9000,0.0025399999999999997,1.1
9000,0.0025440000000000003,1.12
9000,0.002548,1.1
9000,0.0025519999999999996,1.12
9000,0.002556,1.1
9000,0.0025599999999999998,1.1
9000,0.0025640000000000003,1.12
9000,0.002568,1.1400000000000001
9000,0.0025719999999999996,1.1
9000,0.002576,1.1400000000000001
9000,0.00258,1.1
9000,0.0025839999999999995,1.1
9000,0.002588,1.12
9000,0.0025919999999999997,1.12
9000,0.0025960000000000002,1.12
9000,0.0026,1.12
9000,0.0026039999999999995,1.12
9000,0.002608,1.12
9000,0.0026119999999999997,1.12
9000,0.0026160000000000003,1.1
9000,0.00262,1.12
9000,0.0026239999999999996,1.12
9000,0.002628,1.12
9000,0.002632,1.12
9000,0.0026360000000000003,1.12
9000,0.00264,1.12
9000,0.0026439999999999996,1.12
9000,0.002648,1.12
9000,0.002652,1.12
9000,0.0026559999999999995,1.12
9000,0.00266,1.12
9000,0.0026639999999999997,1.12
9000,0.0026680000000000002,1.12
9000,0.002672,1.12
9000,0.0026759999999999996,1.12
9000,0.00268,1.12
9000,0.0026839999999999998,1.12
9000,0.0026880000000000003,1.12
9000,0.002692,1.1400000000000001
9000,0.0026959999999999996,1.1400000000000001
9000,0.0027,1.1400000000000001
9000,0.002704,1.12
9000,0.0027079999999999995,1.16
9000,0.002712,1.1400000000000001
9000,0.0027159999999999997,1.12
9000,0.00272,1.1400000000000001
9000,0.002724,1.1400000000000001
9000,0.0027279999999999995,1.1400000000000001
9000,0.002732,1.18
9000,0.0027359999999999997,1.1400000000000001
9000,0.0027400000000000002,1.1400000000000001
9000,0.002744,1.1400000000000001
9000,0.0027479999999999996,1.16
9000,0.002752,1.1400000000000001
9000,0.0027559999999999998,1.1400000000000001
9000,0.0027600000000000003,1.1400000000000001
9000,0.002764,1.1400000000000001
9000,0.0027679999999999996,1.1
9000,0.002772,1.1400000000000001
9000,0.002776,1.1400000000000001
9000,0.0027799999999999995,1.16
9000,0.002784,1.1400000000000001
9000,0.0027879999999999997,1.1400000000000001
9000,0.002792,1.1400000000000001
9000,0.002796,1.1400000000000001
9000,0.0027999999999999995,1.1400000000000001
9000,0.002804,1.1400000000000001
9000,0.0028079999999999997,1.16
9000,0.0028120000000000003,1.16
9000,0.002816,1.1400000000000001
9000,0.0028199999999999996,1.12
9000,0.002824,1.1400000000000001
9000,0.002828,1.1400000000000001
9000,0.0028320000000000003,1.18
9000,0.002836,1.16
9000,0.0028399999999999996,1.16
9000,0.002844,1.1400000000000001
9000,0.002848,1.1400000000000001
9000,0.0028519999999999995,1.1400000000000001
9000,0.002856,1.16
9000,0.0028599999999999997,1.16
9000,0.0028640000000000002,1.16
9000,0.002868,1.16
9000,0.0028719999999999996,1.16
9000,0.002876,1.16
9000,0.0028799999999999997,1.16
9000,0.0028840000000000003,1.16
9000,0.002888,1.16
9000,0.0028919999999999996,1.16
9000,0.002896,1.16
9000,0.0029,1.18
9000,0.0029039999999999995,1.16
9000,0.002908,1.16
9000,0.0029119999999999997,1.16
9000,0.002916,1.1400000000000001
9000,0.00292,1.16
9000,0.0029239999999999995,1.18
9000,0.002928,1.18
9000,0.0029319999999999997,1.16
9000,0.0029360000000000002,1.16
9000,0.00294,1.16
9000,0.0029439999999999996,1.16
9000,0.002948,1.18
9000,0.0029519999999999998,1.16
9000,0.0029560000000000003,1.16
9000,0.00296,1.18
9000,0.0029639999999999996,1.18
9000,0.002968,1.18
9000,0.002972,1.18
9000,0.0029759999999999995,1.16
9000,0.00298,1.18
9000,0.0029839999999999997,1.18
9000,0.002988,1.18
9000,0.002992,1.18
9000,0.0029959999999999995,1.18
9000,0.003,1.18
9000,0.0030039999999999997,1.2
9000,0.0030080000000000003,1.18
9000,0.003012,1.18
9000,0.0030159999999999996,1.2
9000,0.00302,1.16
9000,0.0030239999999999998,1.18
9000,0.0030280000000000003,1.18
9000,0.003032,1.18
9000,0.0030359999999999996,1.18
9000,0.00304,1.18
9000,0.003044,1.18
9000,0.0030479999999999995,1.18
9000,0.003052,1.2
9000,0.0030559999999999997,1.18
9000,0.0030600000000000002,1.18
9000,0.003064,1.18
9000,0.0030679999999999995,1.18
9000,0.003072,1.18
9000,0.0030759999999999997,1.18
9000,0.0030800000000000003,1.18
9000,0.003084,1.18
9000,0.0030879999999999996,1.2
9000,0.003092,1.2
9000,0.003096,1.2
9000,0.0030999999999999995,1.18
9000,0.003104,1.18
9000,0.0031079999999999997,1.18
9000,0.003112,1.2
9000,0.003116,1.18
9000,0.0031199999999999995,1.2
9000,0.003124,1.18
9000,0.0031279999999999997,1.18
9000,0.0031320000000000002,1.2
9000,0.003136,1.18
9000,0.0031399999999999996,1.2
9000,0.003144,1.2
9000,0.0031479999999999998,1.2
9000,0.0031520000000000003,1.2
9000,0.003156,1.18
9000,0.0031599999999999996,1.18
9000,0.003164,1.18
9000,0.003168,1.26
9000,0.0031719999999999995,1.2
9000,0.003176,1.2
9000,0.0031799999999999997,1.2
9000,0.003184,1.18
9000,0.003188,1.2
9000,0.0031919999999999995,1.2
9000,0.003196,1.2
9000,0.0031999999999999997,1.2
9000,0.0032040000000000003,1.2
9000,0.003208,1.2
9000,0.0032119999999999996,1.2
9000,0.003216,1.18
9000,0.0032199999999999998,1.2
9000,0.0032240000000000003,1.22
9000,0.003228,1.2
9000,0.0032319999999999996,1.2
9000,0.003236,1.2
9000,0.00324,1.2
9000,0.0032439999999999995,1.2
9000,0.003248,1.2
9000,0.0032519999999999997,1.18
9000,0.003256,1.2
9000,0.00326,1.2
9000,0.0032639999999999995,1.2
9000,0.003268,1.2
9000,0.0032719999999999997,1.22
9000,0.0032760000000000003,1.22
9000,0.00328,1.2
9000,0.0032839999999999996,1.2
9000,0.003288,1.22
9000,0.003292,1.22
9000,0.0032959999999999995,1.2
9000,0.0033,1.2
9000,0.0033039999999999996,1.22
9000,0.003308,1.2
9000,0.003312,1.2
9000,0.0033159999999999995,1.22
9000,0.00332,1.22
9000,0.0033239999999999997,1.22
9000,0.0033280000000000002,1.2
9000,0.003332,1.2
9000,0.0033359999999999996,1.2
9000,0.00334,1.22
9000,0.0033439999999999998,1.22
9000,0.0033480000000000003,1.2
9000,0.003352,1.22
9000,0.0033560000000000005,1.2
9000,0.00336,1.22
9000,0.003364,1.2
9000,0.0033680000000000003,1.16
9000,0.003372,1.2
9000,0.0033759999999999997,1.22
9000,0.00338,1.22
9000,0.003384,1.22
9000,0.0033880000000000004,1.22
9000,0.003392,1.2
9000,0.0033959999999999997,1.22
9000,0.0034000000000000002,1.22
9000,0.003404,1.22
9000,0.0034080000000000004,1.2
9000,0.003412,1.22
9000,0.0034159999999999998,1.2
9000,0.0034200000000000003,1.22
9000,0.003424,1.2
9000,0.0034280000000000005,1.2
9000,0.003432,1.22
9000,0.003436,1.22
9000,0.0034400000000000003,1.22
9000,0.003444,1.22
9000,0.0034479999999999997,1.22
9000,0.003452,1.22
9000,0.003456,1.22
9000,0.0034600000000000004,1.22
9000,0.003464,1.22
9000,0.0034679999999999997,1.22
9000,0.0034720000000000003,1.22
9000,0.003476,1.22
9000,0.0034800000000000005,1.22
9000,0.003484,1.22
9000,0.0034879999999999998,1.2
9000,0.0034920000000000003,1.22
9000,0.003496,1.22
9000,0.0035000000000000005,1.22
9000,0.003504,1.22
9000,0.003508,1.22
9000,0.0035120000000000004,1.22
9000,0.003516,1.22
9000,0.0035199999999999997,1.22
9000,0.0035240000000000002,1.22
9000,0.003528,1.22
9000,0.0035320000000000004,1.22
9000,0.003536,1.24
9000,0.0035399999999999997,1.22
9000,0.0035440000000000003,1.22
9000,0.003548,1.22
9000,0.0035520000000000005,1.22
9000,0.003556,1.22
9000,0.00356,1.22
9000,0.0035640000000000003,1.22
9000,0.003568,1.16
9000,0.0035719999999999997,1.24
9000,0.003576,1.22
9000,0.00358,1.24
9000,0.0035840000000000004,1.22
9000,0.003588,1.22
9000,0.0035919999999999997,1.22
9000,0.0035960000000000002,1.22
9000,0.0036,1.22
9000,0.0036040000000000004,1.24
9000,0.003608,1.24
9000,0.0036119999999999998,1.22
9000,0.0036160000000000003,1.24
9000,0.00362,1.22
9000,0.0036240000000000005,1.22
9000,0.003628,1.24
9000,0.003632,1.22
9000,0.0036360000000000003,1.22
9000,0.00364,1.22
9000,0.0036439999999999997,1.24
9000,0.003648,1.22
9000,0.003652,1.22
9000,0.0036560000000000004,1.22
9000,0.00366,1.24
9000,0.0036639999999999997,1.22
9000,0.0036680000000000003,1.24
9000,0.003672,1.24
9000,0.0036760000000000004,1.24
9000,0.00368,1.24
9000,0.0036839999999999998,1.24
9000,0.0036880000000000003,1.24
9000,0.003692,1.24
9000,0.0036960000000000005,1.24
9000,0.0037,1.24
9000,0.003704,1.24
9000,0.0037080000000000004,1.24
9000,0.003712,1.24
9000,0.0037159999999999997,1.24
9000,0.00372,1.24
9000,0.003724,1.24
9000,0.0037280000000000004,1.24
9000,0.003732,1.22
9000,0.0037359999999999997,1.24
9000,0.0037400000000000003,1.24
9000,0.003744,1.22
9000,0.0037480000000000005,1.24
9000,0.003752,1.24
9000,0.003756,1.24
9000,0.0037600000000000003,1.24
9000,0.003764,1.24
9000,0.0037679999999999996,1.26
9000,0.003772,1.24
9000,0.003776,1.24
9000,0.0037800000000000004,1.24
9000,0.003784,1.24
9000,0.0037879999999999997,1.24
9000,0.0037920000000000002,1.24
9000,0.003796,1.24
9000,0.0038000000000000004,1.24
9000,0.003804,1.24
9000,0.0038079999999999998,1.24
9000,0.0038120000000000003,1.24
9000,0.003816,1.22
9000,0.0038200000000000005,1.24
9000,0.003824,1.24
9000,0.003828,1.24
9000,0.0038320000000000003,1.24
9000,0.003836,1.24
9000,0.0038399999999999997,1.24
9000,0.003844,1.24
9000,0.003848,1.24
9000,0.0038520000000000004,1.24
9000,0.003856,1.24
9000,0.0038599999999999997,1.24
9000,0.0038640000000000002,1.24
9000,0.003868,1.24
9000,0.0038720000000000004,1.24
9000,0.003876,1.24
9000,0.0038799999999999998,1.24
9000,0.0038840000000000003,1.24
9000,0.003888,1.24
9000,0.0038920000000000005,1.24
9000,0.003896,1.26
9000,0.0039,1.24
9000,0.0039040000000000004,1.24
9000,0.003908,1.24
9000,0.003912,1.24
9000,0.003916,1.24
9000,0.00392,1.24
9000,0.003924,1.24
9000,0.003928,1.24
9000,0.003932,1.24
9000,0.003936,1.22
9000,0.00394,1.24
9000,0.0039440000000000005,1.24
9000,0.003948,1.24
9000,0.003952,1.26
9000,0.003956,1.26
9000,0.00396,1.24
9000,0.003964,1.26
9000,0.003968,1.26
9000,0.003972,1.24
9000,0.003976,1.24
9000,0.00398,1.26
9000,0.003984,1.24
9000,0.003988,1.24
9000,0.003992,1.24
9000,0.003996,1.24
9000,0.004,1.26
9000,0.004004,1.24
9000,0.004008,1.24
9000,0.004012,1.26
9000,0.0040160000000000005,1.24
9000,0.00402,1.24
9000,0.004024,1.24
9000,0.004028,1.26
9000,0.004032,1.26
9000,0.004036,1.26
9000,0.00404,1.26
9000,0.004044,1.26
9000,0.004048,1.24
9000,0.004052,1.24
9000,0.004056,1.24
9000,0.00406,1.24
9000,0.004064,1.24
9000,0.0040680000000000004,1.24
9000,0.004072,1.24
9000,0.004076,1.24
9000,0.00408,1.26
9000,0.004084,1.26
9000,0.0040880000000000005,1.24
9000,0.004092,1.26
9000,0.004096,1.26
9000,0.0041,1.26
9000,0.004104,1.26
9000,0.004108,1.26
9000,0.004112,1.26
9000,0.004116,1.26
9000,0.00412,1.26
9000,0.004124,1.26
9000,0.004128,1.24
9000,0.004132,1.24
9000,0.004136,1.26
9000,0.0041400000000000005,1.26
9000,0.004144,1.26
9000,0.004148,1.26
9000,0.004152,1.26
9000,0.004156,1.26
9000,0.00416,1.26
9000,0.004164,1.26
9000,0.004168,1.2
9000,0.004172,1.26
9000,0.004176,1.26
9000,0.00418,1.26
9000,0.004184,1.24
9000,0.004188,1.26
9000,0.004192,1.26
9000,0.004196,1.26
9000,0.0042,1.24
9000,0.004204,1.26
9000,0.004208,1.26
9000,0.0042120000000000005,1.26
9000,0.004216,1.28
9000,0.00422,1.22
9000,0.004224,1.26
9000,0.004228,1.24
9000,0.004232,1.26
9000,0.004236,1.26
9000,0.00424,1.26
9000,0.004244,1.26
9000,0.004248,1.26
9000,0.004252,1.26
9000,0.004256,1.26
9000,0.00426,1.26
9000,0.004264,1.26
9000,0.004268,1.26
9000,0.004272,1.26
9000,0.004276,1.26
9000,0.00428,1.26
9000,0.004284,1.28
9000,0.004288,1.26
9000,0.004292,1.26
9000,0.004296,1.28
9000,0.0043,1.26
9000,0.004304,1.24
9000,0.004308,1.26
9000,0.004312,1.26
9000,0.004316,1.26
9000,0.00432,1.26
9000,0.004324,1.26
9000,0.004328,1.26
9000,0.004332,1.26
9000,0.0043360000000000004,1.26
9000,0.00434,1.26
9000,0.004344,1.26
9000,0.004348,1.26
9000,0.004352,1.26
9000,0.004356,1.28
9000,0.00436,1.26
9000,0.004364,1.26
9000,0.004368,1.28
9000,0.004372,1.28
9000,0.004376,1.26
9000,0.00438,1.26
9000,0.004384,1.28
9000,0.004388,1.24
9000,0.004392,1.26
9000,0.004396,1.26
9000,0.0044,1.26
9000,0.004404,1.26
9000,0.0044080000000000005,1.24
9000,0.004412,1.26
9000,0.004416,1.26
9000,0.00442,1.28
9000,0.004424,1.26
9000,0.004428,1.26
9000,0.004432,1.26
9000,0.004436,1.26
9000,0.00444,1.26
9000,0.004444,1.26
9000,0.004448,1.26
9000,0.004452,1.28
9000,0.004456,1.26
9000,0.00446,1.24
9000,0.004464,1.24
9000,0.004468,1.24
9000,0.004472,1.22
9000,0.004476,1.22
9000,0.00448,1.22
9000,0.004484,1.2
9000,0.004488,1.18
9000,0.004492,1.18
9000,0.004496,1.16
9000,0.0045,1.1400000000000001
9000,0.004504,1.1400000000000001
9000,0.004508,1.1400000000000001
9000,0.004512,1.12
9000,0.004516,1.1
9000,0.00452,1.08
9000,0.004524,1.1
9000,0.004528,1.08
9000,0.0045320000000000004,1.06
9000,0.004536,1.06
9000,0.00454,1.04
9000,0.004544,1.04
9000,0.004548,1.02
9000,0.004552,1.02
9000,0.004556,1.0
9000,0.00456,1.0
9000,0.004564,1.0
9000,0.004568,1.04
9000,0.004572,0.98
9000,0.004576,0.96
9000,0.00458,0.96
9000,0.004584,0.9400000000000001
9000,0.004588,0.9400000000000001
9000,0.004592,0.9400000000000001
9000,0.004596,0.92
9000,0.0046,0.9
9000,0.0046040000000000005,0.92
9000,0.004608,0.9
9000,0.004612,0.9
9000,0.004616,0.86
9000,0.00462,0.84
9000,0.004624,0.86
9000,0.004628,0.84
9000,0.004632,0.84
9000,0.004636,0.84
9000,0.00464,0.8200000000000001
9000,0.004644,0.8200000000000001
9000,0.004648,0.8200000000000001
9000,0.004652,0.8
9000,0.004656,0.78
9000,0.00466,0.78
9000,0.004664,0.78
9000,0.004668,0.76
9000,0.004672,0.76
9000,0.004676,0.76
9000,0.00468,0.74
9000,0.004684,0.74
9000,0.004688,0.74
9000,0.004692,0.72
9000,0.004696,0.72
9000,0.0047,0.7000000000000001
9000,0.004704,0.7000000000000001
9000,0.004708,0.68
9000,0.004712,0.7000000000000001
9000,0.004716,0.66
9000,0.00472,0.68
9000,0.004724,0.66
9000,0.004728,0.66
9000,0.004732,0.64
9000,0.004736,0.64
9000,0.00474,0.62
9000,0.004744,0.62
9000,0.004748,0.62
9000,0.004752,0.6
9000,0.004756,0.58
9000,0.00476,0.58
9000,0.004764,0.58
9000,0.004768,0.6
9000,0.004772,0.56
9000,0.004776,0.56
9000,0.00478,0.56
9000,0.004784,0.56
9000,0.004788,0.54
9000,0.004792,0.54
9000,0.004796,0.52
9000,0.0048000000000000004,0.52
9000,0.004804,0.52
9000,0.004808,0.52
9000,0.004812,0.52
9000,0.004816,0.5
9000,0.00482,0.48
9000,0.004824,0.48
9000,0.004828,0.48
9000,0.004832,0.48
9000,0.004836,0.46
9000,0.00484,0.46
9000,0.004844,0.46
9000,0.004848,0.44
9000,0.004852,0.44
9000,0.004856,0.44
9000,0.00486,0.44
9000,0.004864,0.42
9000,0.004868,0.4
9000,0.004872,0.4
9000,0.004876,0.4
9000,0.00488,0.38
9000,0.004884,0.38
9000,0.004888,0.36
9000,0.004892,0.38
9000,0.004896,0.36
9000,0.0049,0.36
9000,0.004904,0.36
9000,0.004908,0.34
9000,0.004912,0.36
9000,0.004916,0.34
9000,0.00492,0.34
9000,0.004924,0.34
9000,0.004928,0.32
9000,0.004932,0.32
9000,0.004936,0.3
9000,0.00494,0.32
9000,0.004944,0.3
9000,0.004948,0.3
9000,0.004952,0.3
9000,0.004956,0.28
9000,0.00496,0.26
9000,0.004964,0.28
9000,0.004968,0.24
9000,0.004972,0.26
9000,0.004976,0.26
9000,0.00498,0.24
9000,0.004984,0.22
9000,0.004988,0.22
9000,0.004992,0.22
9000,0.0049960000000000004,0.24
9000,0.005,0.2
9000,0.005004,0.22
9000,0.005008,0.2
9000,0.005012,0.2
9000,0.005016,0.2
9000,0.00502,0.2
9000,0.005024,0.18
9000,0.005028,0.18
9000,0.005032,0.18
9000,0.005036,0.18
9000,0.00504,0.18
9000,0.005044,0.16
9000,0.005048,0.14
9000,0.005052,0.14
9000,0.005056,0.14
9000,0.00506,0.12
9000,0.005064,0.12
9000,0.005068,0.14
9000,0.005072,0.12
9000,0.005076,0.1
9000,0.00508,0.1
9000,0.005084,0.1
9000,0.005088,0.1
9000,0.005092,0.1
9000,0.005096,0.08
9000,0.0051,0.1
9000,0.005104,0.08
9000,0.005108,0.08
9000,0.005112,0.08
9000,0.005116,0.06
9000,0.00512,0.06
9000,0.005124,0.06
9000,0.005128,0.06
9000,0.005132,0.06
9000,0.005136,0.06
9000,0.00514,0.04
9000,0.005144,0.04
9000,0.005148,0.02
9000,0.005152,0.04
9000,0.005156,0.0
9000,0.00516,0.02
9000,0.005164,0.02
9000,0.005168,0.04
9000,0.005172,0.0
9000,0.005176,0.0
9000,0.00518,0.0
9000,0.005184,-0.02
9000,0.005188,-0.02
9000,0.0051920000000000004,-0.02
9000,0.005196,-0.04
9000,0.0052,-0.02
9000,0.005204,-0.02
9000,0.005208,-0.02
9000,0.005212,-0.04
9000,0.005216,-0.06
9000,0.00522,-0.06
9000,0.005224,-0.08
9000,0.005228,-0.06
9000,0.005232,-0.08
9000,0.005236,-0.08
9000,0.00524,-0.08
9000,0.005244,-0.08
9000,0.005248,-0.08
9000,0.005252,-0.08
9000,0.005256,-0.1
9000,0.00526,-0.1
9000,0.005264,-0.1
9000,0.005268,-0.12
9000,0.005272,-0.12
9000,0.005276,-0.12
9000,0.00528,-0.1
9000,0.005284,-0.12
9000,0.005288,-0.12
9000,0.005292,-0.12
9000,0.005296,-0.14
9000,0.0053,-0.14
9000,0.005304,-0.14
9000,0.005308,-0.14
9000,0.005312,-0.14
9000,0.005316,-0.14
9000,0.00532,-0.16
9000,0.005324,-0.18
9000,0.005328,-0.16
9000,0.005332,-0.16
9000,0.005336,-0.18
9000,0.00534,-0.18
9000,0.005344,-0.18
9000,0.005348,-0.18
9000,0.005352,-0.18
9000,0.005356,-0.2
9000,0.00536,-0.18
9000,0.005364,-0.2
9000,0.005368,-0.2
9000,0.005372,-0.2
9000,0.005376,-0.2
9000,0.00538,-0.2
9000,0.005384,-0.2
9000,0.005388,-0.22
9000,0.005392,-0.22
9000,0.005396,-0.24
9000,0.0054,-0.24
9000,0.005404,-0.22
9000,0.005408,-0.22
9000,0.005412,-0.24
9000,0.005416,-0.26
9000,0.00542,-0.24
9000,0.005424,-0.24
9000,0.005428,-0.26
9000,0.005432,-0.26
9000,0.005436,-0.26
9000,0.00544,-0.28
9000,0.005444,-0.26
9000,0.005448,-0.26
9000,0.005452,-0.26
9000,0.005456,-0.28
9000,0.00546,-0.28
9000,0.005464,-0.28
9000,0.005468,-0.3
9000,0.005472,-0.28
9000,0.005476,-0.3
9000,0.00548,-0.3
9000,0.005484,-0.3
9000,0.005488,-0.28
9000,0.005492,-0.3
9000,0.005496,-0.32
9000,0.0055,-0.32
9000,0.005504,-0.32
9000,0.005508,-0.32
9000,0.005512,-0.34
9000,0.005516,-0.32
9000,0.00552,-0.34
9000,0.005524,-0.34
9000,0.005528,-0.34
9000,0.005532,-0.34
9000,0.005536,-0.34
9000,0.00554,-0.34
9000,0.005544,-0.34
9000,0.005548,-0.36
9000,0.005552,-0.36
9000,0.005556,-0.36
9000,0.00556,-0.36
9000,0.005564,-0.36
9000,0.005568,-0.4
9000,0.005572,-0.36
9000,0.005576,-0.38
9000,0.00558,-0.38
9000,0.005584,-0.38
9000,0.005588,-0.38
9000,0.005592,-0.4
9000,0.005596,-0.38
9000,0.0056,-0.38
9000,0.005604,-0.4
9000,0.005608,-0.4
9000,0.005612,-0.4
9000,0.005616,-0.4
9000,0.00562,-0.4
9000,0.005624,-0.42
9000,0.005628,-0.42
9000,0.005632,-0.4
9000,0.005636,-0.42
9000,0.00564,-0.42
9000,0.005644,-0.42
9000,0.005648,-0.44
9000,0.005652,-0.44
9000,0.005656,-0.42
9000,0.00566,-0.42
9000,0.005664,-0.46
9000,0.005668,-0.44
9000,0.005672,-0.44
9000,0.005676,-0.46
9000,0.00568,-0.46
9000,0.005684,-0.44
9000,0.005688,-0.44
9000,0.005692,-0.46
9000,0.005696,-0.46
9000,0.0057,-0.44
9000,0.005704,-0.46
9000,0.005708,-0.46
9000,0.005712,-0.46
9000,0.005716,-0.48
9000,0.00572,-0.48
9000,0.005724,-0.48
9000,0.005728,-0.46
9000,0.005732,-0.48
9000,0.005736,-0.48
9000,0.00574,-0.48
9000,0.005744,-0.48
9000,0.005748,-0.48
9000,0.005752,-0.48
9000,0.005756,-0.48
9000,0.00576,-0.5
9000,0.005764,-0.48
9000,0.005768,-0.52
9000,0.005772,-0.5
9000,0.005776,-0.5
9000,0.0057799999999999995,-0.5
9000,0.005784,-0.5
9000,0.005788,-0.52
9000,0.005792,-0.52
9000,0.005796,-0.5
9000,0.0058,-0.52
9000,0.005804,-0.54
9000,0.005808,-0.52
9000,0.005812,-0.52
9000,0.005816,-0.52
9000,0.00582,-0.54
9000,0.005824,-0.54
9000,0.005828,-0.52
9000,0.005832,-0.56
9000,0.005836,-0.54
9000,0.00584,-0.54
9000,0.005844,-0.56
9000,0.005848,-0.54
9000,0.0058519999999999996,-0.56
9000,0.005856,-0.56
9000,0.00586,-0.56
9000,0.005864,-0.56
9000,0.005868,-0.56
9000,0.005872,-0.56
9000,0.005876,-0.58
9000,0.00588,-0.56
9000,0.005884,-0.58
9000,0.005888,-0.58
9000,0.005892,-0.58
9000,0.005896,-0.58
9000,0.0059,-0.58
9000,0.005904,-0.58
9000,0.005908,-0.58
9000,0.005912,-0.56
9000,0.005916,-0.58
9000,0.00592,-0.6
9000,0.005924,-0.58
9000,0.005928,-0.58
9000,0.005932,-0.6
9000,0.005936,-0.6
9000,0.00594,-0.58
9000,0.005944,-0.6
9000,0.005948,-0.6
9000,0.005952,-0.6
9000,0.005956,-0.62
9000,0.00596,-0.62
9000,0.005964,-0.6
9000,0.005968,-0.6
9000,0.005972,-0.62
9000,0.0059759999999999995,-0.62
9000,0.00598,-0.62
9000,0.005984,-0.62
9000,0.005988,-0.62
9000,0.005992,-0.62
9000,0.005996,-0.62
9000,0.006,-0.64
9000,0.006004,-0.62
9000,0.006008,-0.62
9000,0.006012,-0.64
9000,0.006016,-0.64
9000,0.00602,-0.64
9000,0.006024,-0.64
9000,0.006028,-0.64
9000,0.006032,-0.64
9000,0.006036,-0.64
9000,0.00604,-0.64
9000,0.006044,-0.64
9000,0.0060479999999999996,-0.64
9000,0.006052,-0.64
9000,0.006056,-0.66
9000,0.00606,-0.66
9000,0.006064,-0.64
9000,0.006068,-0.66
9000,0.006072,-0.66
9000,0.006076,-0.66
9000,0.00608,-0.66
9000,0.006084,-0.66
9000,0.006088,-0.68
9000,0.006092,-0.66
9000,0.006096,-0.68
9000,0.0061,-0.68
9000,0.006104,-0.68
9000,0.006108,-0.68
9000,0.006112,-0.68
9000,0.006116,-0.68
9000,0.00612,-0.68
9000,0.006124,-0.68
9000,0.006128,-0.68
9000,0.006132,-0.7000000000000001
9000,0.006136,-0.68
9000,0.00614,-0.68
9000,0.006144,-0.68
9000,0.006148,-0.7000000000000001
9000,0.006152,-0.7000000000000001
9000,0.006156,-0.7000000000000001
9000,0.00616,-0.7000000000000001
9000,0.006164,-0.7000000000000001
9000,0.006168,-0.7000000000000001
9000,0.0061719999999999995,-0.68
9000,0.006176,-0.7000000000000001
9000,0.00618,-0.7000000000000001
9000,0.006184,-0.7000000000000001
9000,0.006188,-0.72
9000,0.006192,-0.72
9000,0.006196,-0.7000000000000001
9000,0.0062,-0.7000000000000001
9000,0.006204,-0.7000000000000001
9000,0.006208,-0.7000000000000001
9000,0.006212,-0.7000000000000001
9000,0.006216,-0.7000000000000001
9000,0.00622,-0.7000000000000001
9000,0.006224,-0.7000000000000001
9000,0.006228,-0.72
9000,0.006232,-0.7000000000000001
9000,0.006236,-0.72
9000,0.00624,-0.72
9000,0.0062439999999999996,-0.72
9000,0.006248,-0.72
9000,0.006252,-0.72
9000,0.006256,-0.72
9000,0.00626,-0.72
9000,0.006264,-0.72
9000,0.006268,-0.74
9000,0.006272,-0.74
9000,0.006276,-0.74
9000,0.00628,-0.74
9000,0.006284,-0.74
9000,0.006288,-0.74
9000,0.006292,-0.74
9000,0.006296,-0.74
9000,0.0063,-0.74
9000,0.006304,-0.74
9000,0.006308,-0.74
9000,0.006312,-0.74
9000,0.0063159999999999996,-0.76
9000,0.00632,-0.76
9000,0.006324,-0.74
9000,0.006328,-0.74
9000,0.006332,-0.76
9000,0.006336,-0.76
9000,0.00634,-0.76
9000,0.006344,-0.76
9000,0.006348,-0.76
9000,0.006352,-0.76
9000,0.006356,-0.76
9000,0.00636,-0.76
9000,0.006364,-0.76
9000,0.0063679999999999995,-0.76
9000,0.006372,-0.76
9000,0.006376,-0.76
9000,0.00638,-0.76
9000,0.006384,-0.76
9000,0.006388,-0.78
9000,0.006392,-0.78
9000,0.006396,-0.76
9000,0.0064,-0.78
9000,0.006404,-0.78
9000,0.006408,-0.78
9000,0.006412,-0.78
9000,0.006416,-0.76
9000,0.00642,-0.78
9000,0.006424,-0.78
9000,0.006428,-0.78
9000,0.006432,-0.8
9000,0.006436,-0.8
9000,0.0064399999999999995,-0.8
9000,0.006444,-0.8
9000,0.006448,-0.8
9000,0.006452,-0.8
9000,0.006456,-0.8
9000,0.00646,-0.8200000000000001
9000,0.006464,-0.8200000000000001
9000,0.006468,-0.8200000000000001
9000,0.006472,-0.8
9000,0.006476,-0.8
9000,0.00648,-0.8
9000,0.006484,-0.8200000000000001
9000,0.006488,-0.8200000000000001
9000,0.006492,-0.8
9000,0.006496,-0.8200000000000001
9000,0.0065,-0.8200000000000001
9000,0.006504,-0.8200000000000001
9000,0.006508,-0.8
9000,0.0065119999999999996,-0.8200000000000001
9000,0.006516,-0.8200000000000001
9000,0.00652,-0.8200000000000001
9000,0.006524,-0.8
9000,0.006528,-0.8200000000000001
9000,0.006532,-0.8200000000000001
9000,0.006536,-0.8200000000000001
9000,0.00654,-0.8200000000000001
9000,0.006544,-0.8200000000000001
9000,0.006548,-0.8200000000000001
9000,0.006552,-0.8200000000000001
9000,0.006556,-0.8200000000000001
9000,0.00656,-0.84
9000,0.0065639999999999995,-0.84
9000,0.006568,-0.84
9000,0.006572,-0.84
9000,0.006576,-0.8200000000000001
9000,0.00658,-0.84
9000,0.006584,-0.8200000000000001
9000,0.006588,-0.84
9000,0.006592,-0.84
9000,0.006596,-0.84
9000,0.0066,-0.84
9000,0.006604,-0.84
9000,0.006608,-0.84
9000,0.006612,-0.84
9000,0.006616,-0.84
9000,0.00662,-0.86
9000,0.006624,-0.86
9000,0.006628,-0.84
9000,0.006632,-0.86
9000,0.0066359999999999995,-0.84
9000,0.00664,-0.84
9000,0.006644,-0.84
9000,0.006648,-0.84
9000,0.006652,-0.86
9000,0.006656,-0.84
9000,0.00666,-0.86
9000,0.006664,-0.86
9000,0.006668,-0.84
9000,0.006672,-0.84
9000,0.006676,-0.86
9000,0.00668,-0.86
9000,0.006684,-0.86
9000,0.006688,-0.86
9000,0.006692,-0.86
9000,0.006696,-0.86
9000,0.0067,-0.86
9000,0.006704,-0.86
9000,0.0067079999999999996,-0.86
9000,0.006712,-0.86
9000,0.006716,-0.86
9000,0.00672,-0.88
9000,0.006724,-0.88
9000,0.006728,-0.88
9000,0.006732,-0.88
9000,0.006736,-0.88
9000,0.00674,-0.86
9000,0.006744,-0.88
9000,0.006748,-0.88
9000,0.006752,-0.88
9000,0.006756,-0.88
9000,0.0067599999999999995,-0.88
9000,0.006764,-0.88
9000,0.006768,-0.86
9000,0.006772,-0.88
9000,0.006776,-0.88
9000,0.00678,-0.88
9000,0.006784,-0.88
9000,0.006788,-0.88
9000,0.006792,-0.88
9000,0.006796,-0.88
9000,0.0068,-0.88
9000,0.006804,-0.88
9000,0.006808,-0.86
9000,0.006812,-0.9
9000,0.006816,-0.9
9000,0.00682,-0.88
9000,0.006824,-0.9
9000,0.006828,-0.88
9000,0.0068319999999999995,-0.88
9000,0.006836,-0.9
9000,0.00684,-0.88
9000,0.006844,-0.9
9000,0.006848,-0.88
9000,0.006852,-0.9
9000,0.006856,-0.88
9000,0.00686,-0.9
9000,0.006864,-0.92
9000,0.006868,-0.88
9000,0.006872,-0.9
9000,0.006876,-0.9
9000,0.00688,-0.9
9000,0.006884,-0.9
9000,0.006888,-0.92
9000,0.006892,-0.9
9000,0.006896,-0.9
9000,0.0069,-0.9
9000,0.0069039999999999995,-0.9
9000,0.006908,-0.9
9000,0.006912,-0.92
9000,0.006916,-0.9
9000,0.00692,-0.9
9000,0.006924,-0.9
9000,0.006928,-0.9
9000,0.006932,-0.9
9000,0.006936,-0.9
9000,0.00694,-0.9
9000,0.006944,-0.9
9000,0.006948,-0.9
9000,0.006952,-0.9
9000,0.0069559999999999995,-0.9
9000,0.00696,-0.9
9000,0.006964,-0.9
9000,0.006968,-0.9
9000,0.006972,-0.92
9000,0.0069759999999999996,-0.9
9000,0.00698,-0.92
9000,0.006984,-0.92
9000,0.006988,-0.9
9000,0.006992,-0.92
9000,0.006996,-0.92
9000,0.007,-0.92
9000,0.007004,-0.92
9000,0.007008,-0.92
9000,0.007012,-0.92
9000,0.007016,-0.92
9000,0.00702,-0.9400000000000001
9000,0.007024,-0.92
9000,0.0070279999999999995,-0.92
9000,0.007032,-0.92
9000,0.007036,-0.92
9000,0.00704,-0.92
9000,0.007044,-0.9400000000000001
9000,0.007048,-0.92
9000,0.007052,-0.92
9000,0.007056,-0.92
9000,0.00706,-0.92
9000,0.007064,-0.9400000000000001
9000,0.007068,-0.9400000000000001
9000,0.007072,-0.9400000000000001
9000,0.007076,-0.92
9000,0.0070799999999999995,-0.9400000000000001
9000,0.007084,-0.9400000000000001
9000,0.007088,-0.9400000000000001
9000,0.007092,-0.92
9000,0.007096,-0.9400000000000001
9000,0.0070999999999999995,-0.92
9000,0.007104,-0.9400000000000001
9000,0.007108,-0.9400000000000001
9000,0.007112,-0.9400000000000001
9000,0.007116,-0.9400000000000001
9000,0.00712,-0.9400000000000001
9000,0.007124,-0.9400000000000001
9000,0.007128,-0.9400000000000001
9000,0.007132,-0.9400000000000001
9000,0.007136,-0.9400000000000001
9000,0.00714,-0.9400000000000001
9000,0.007144,-0.9400000000000001
9000,0.007148,-0.9400000000000001
9000,0.0071519999999999995,-0.9400000000000001
9000,0.007156,-0.9400000000000001
9000,0.00716,-0.96
9000,0.007164,-0.9400000000000001
9000,0.007168,-0.96
9000,0.0071719999999999996,-0.9400000000000001
9000,0.007176,-0.9400000000000001
9000,0.00718,-0.9400000000000001
9000,0.007184,-0.96
9000,0.007188,-0.96
9000,0.007192,-0.9400000000000001
9000,0.007196,-0.96
9000,0.0072,-0.9400000000000001
9000,0.007204,-0.96
9000,0.007208,-0.96
9000,0.007212,-0.9400000000000001
9000,0.007216,-0.96
9000,0.00722,-0.96
9000,0.0072239999999999995,-0.9400000000000001
9000,0.007228,-0.96
9000,0.007232,-0.96
9000,0.007236,-0.96
9000,0.00724,-0.9400000000000001
9000,0.007244,-0.96
9000,0.007248,-0.96
9000,0.007252,-0.96
9000,0.007256,-0.9400000000000001
9000,0.007259999999999999,-0.96
9000,0.007264,-0.96
9000,0.007268,-0.96
9000,0.007272000000000001,-0.96
9000,0.0072759999999999995,-0.98
9000,0.00728,-0.96
9000,0.0072840000000000005,-0.96
9000,0.007287999999999999,-0.96
9000,0.007292,-0.96
9000,0.007296,-0.98
9000,0.007299999999999999,-0.98
9000,0.007304,-0.96
9000,0.007308,-0.96
9000,0.007311999999999999,-0.96
9000,0.007316,-0.98
9000,0.00732,-0.96
9000,0.007324000000000001,-0.96
9000,0.0073279999999999994,-0.96
9000,0.007332,-0.96
9000,0.0073360000000000005,-0.98
9000,0.007339999999999999,-0.96
9000,0.007344,-0.96
9000,0.007348,-0.98
9000,0.007351999999999999,-0.96
9000,0.007356,-0.98
9000,0.00736,-0.98
9000,0.007364000000000001,-0.96
9000,0.0073679999999999995,-0.96
9000,0.007372,-0.96
9000,0.007376000000000001,-0.98
9000,0.007379999999999999,-0.96
9000,0.007384,-0.96
9000,0.0073880000000000005,-0.98
9000,0.007391999999999999,-0.98
9000,0.007396,-0.98
9000,0.0074,-0.98
9000,0.007403999999999999,-0.98
9000,0.007408,-0.98
9000,0.007412,-0.98
9000,0.007416000000000001,-0.98
9000,0.0074199999999999995,-0.98
9000,0.007424,-0.98
9000,0.007428000000000001,-0.98
9000,0.007431999999999999,-0.98
9000,0.007436,-0.98
9000,0.00744,-0.96
9000,0.007443999999999999,-0.98
9000,0.007448,-1.0
9000,0.007452,-1.0
9000,0.007455999999999999,-0.98
9000,0.00746,-0.98
9000,0.007464,-0.98
9000,0.007468000000000001,-0.98
9000,0.0074719999999999995,-0.98
9000,0.007476,-0.98
9000,0.0074800000000000005,-0.98
9000,0.007483999999999999,-1.0
9000,0.007488,-0.98
9000,0.007492,-0.98
9000,0.007495999999999999,-1.0
9000,0.0075,-1.0
9000,0.007504,-0.98
9000,0.007507999999999999,-1.0
9000,0.007512,-0.98
9000,0.007516,-1.0
9000,0.007520000000000001,-0.98
9000,0.0075239999999999994,-0.98
9000,0.007528,-1.0
9000,0.0075320000000000005,-0.98
9000,0.007535999999999999,-0.98
9000,0.00754,-1.0
9000,0.007544,-1.0
9000,0.007547999999999999,-1.0
9000,0.007552,-1.0
9000,0.007556,-0.98
9000,0.007560000000000001,-1.0
9000,0.0075639999999999995,-1.02
9000,0.007568,-0.98
9000,0.007572000000000001,-1.0
9000,0.007575999999999999,-1.0
9000,0.00758,-1.0
9000,0.0075840000000000005,-1.0
9000,0.007587999999999999,-1.0
9000,0.007592,-1.0
9000,0.007596,-1.0
9000,0.007599999999999999,-1.0
9000,0.007604,-1.0
9000,0.007608,-0.98
9000,0.007612000000000001,-1.0
9000,0.0076159999999999995,-1.0
9000,0.00762,-1.0
9000,0.007624000000000001,-1.0
9000,0.007627999999999999,-0.98
9000,0.007632,-0.98
9000,0.007636,-1.0
9000,0.007639999999999999,-1.0
9000,0.007644,-1.0
9000,0.007648,-1.0
9000,0.007651999999999999,-1.0
9000,0.007656,-1.0
9000,0.00766,-1.0
9000,0.007664000000000001,-1.02
9000,0.0076679999999999995,-1.0
9000,0.007672,-1.0
9000,0.0076760000000000005,-1.0
9000,0.007679999999999999,-1.0
9000,0.007684,-1.0
9000,0.007688,-1.0
9000,0.007691999999999999,-1.02
9000,0.007696,-1.0
9000,0.0077,-0.98
9000,0.007703999999999999,-1.0
9000,0.007708,-1.0
9000,0.007712,-1.0
9000,0.007716000000000001,-1.0
9000,0.007719999999999999,-1.02
9000,0.007724,-1.02
9000,0.0077280000000000005,-1.02
9000,0.007731999999999999,-1.02
9000,0.007736,-1.0
9000,0.00774,-1.0
9000,0.007743999999999999,-1.0
9000,0.007748,-1.02
9000,0.007752,-1.02
9000,0.007756000000000001,-1.0
9000,0.0077599999999999995,-1.02
9000,0.007764,-1.0
9000,0.007768000000000001,-1.0
9000,0.007771999999999999,-1.02
9000,0.007776,-1.02
9000,0.0077800000000000005,-1.0
9000,0.007783999999999999,-1.0
9000,0.007788,-1.02
9000,0.007792,-1.02
9000,0.007795999999999999,-1.0
9000,0.0078,-1.02
9000,0.007804,-1.02
9000,0.007808000000000001,-1.0
9000,0.0078119999999999995,-1.02
9000,0.007816,-1.0
9000,0.00782,-1.04
9000,0.007824,-1.02
9000,0.007828,-1.02
9000,0.007832,-1.04
9000,0.007836,-1.0
9000,0.00784,-1.02
9000,0.007844,-1.02
9000,0.007847999999999999,-1.0
9000,0.007852,-1.02
9000,0.007856,-1.0
9000,0.00786,-1.02
9000,0.007864,-1.02
9000,0.007868,-1.04
9000,0.007872,-1.02
9000,0.007876,-1.02
9000,0.00788,-1.02
9000,0.007884,-1.02
9000,0.007888,-1.02
9000,0.007892,-1.02
9000,0.007896,-1.02
9000,0.007899999999999999,-1.0
9000,0.007904,-1.0
9000,0.007908,-1.0
9000,0.007912,-1.02
9000,0.007916,-1.02
9000,0.00792,-1.04
9000,0.007924,-1.04
9000,0.007928,-1.0
9000,0.007932,-1.04
9000,0.007936,-1.06
9000,0.00794,-1.02
9000,0.007944,-1.02
9000,0.007948,-1.04
9000,0.007952,-1.02
9000,0.007956,-1.02
9000,0.00796,-1.04
9000,0.007964,-1.02
9000,0.007968,-1.04
9000,0.007972,-1.04
9000,0.007976,-1.04
9000,0.00798,-1.04
9000,0.007984,-1.02
9000,0.007988,-1.04
9000,0.007991999999999999,-1.04
9000,0.007996,-1.02
9000,0.008,-1.02
9000,0.008004,-1.02
9000,0.008008,-1.04
9000,0.008012,-1.04
9000,0.008016,-1.04
9000,0.00802,-1.02
9000,0.008024,-1.04
9000,0.008028,-1.04
9000,0.008032,-1.04
9000,0.008036,-1.04
9000,0.00804,-1.02
9000,0.008043999999999999,-1.02
9000,0.008048,-1.04
9000,0.008052,-1.04
9000,0.008056,-1.02
9000,0.00806,-1.04
9000,0.008064,-1.02
9000,0.008068,-1.04
9000,0.008072,-1.04
9000,0.008076,-1.04
9000,0.00808,-1.04
9000,0.008084,-1.04
9000,0.008088,-1.04
9000,0.008092,-1.04
9000,0.008095999999999999,-1.04
9000,0.0081,-1.06
9000,0.008104,-1.04
9000,0.008108,-1.04
9000,0.008112,-1.04
9000,0.008116,-1.02
9000,0.00812,-1.06
9000,0.008124,-1.04
9000,0.008128,-1.06
9000,0.008132,-1.04
9000,0.008136,-1.04
9000,0.00814,-1.04
9000,0.008144,-1.04
9000,0.008148,-1.04
9000,0.008152,-1.06
9000,0.008156,-1.04
9000,0.00816,-1.04
9000,0.008164,-1.04
9000,0.008168,-1.04
9000,0.008172,-1.04
9000,0.008176,-1.02
9000,0.00818,-1.04
9000,0.008184,-1.06
9000,0.008187999999999999,-1.04
9000,0.008192,-1.06
9000,0.008196,-1.06
9000,0.0082,-1.04
9000,0.008204,-1.04
9000,0.008208,-1.04
9000,0.008212,-1.04
9000,0.008216,-1.06
9000,0.00822,-1.04
9000,0.008224,-1.06
9000,0.008228,-1.04
9000,0.008232,-1.04
9000,0.008236,-1.06
9000,0.008239999999999999,-1.06
9000,0.008244,-1.04
9000,0.008248,-1.04
9000,0.008252,-1.06
9000,0.008256,-1.06
9000,0.00826,-1.04
9000,0.008264,-1.04
9000,0.008268,-1.06
9000,0.008272,-1.04
9000,0.008276,-1.06
9000,0.00828,-1.06
9000,0.008284,-1.04
9000,0.008288,-1.04
9000,0.008291999999999999,-1.04
9000,0.008296,-1.06
9000,0.0083,-1.04
9000,0.008304,-1.06
9000,0.008308,-1.04
9000,0.008312,-1.04
9000,0.008316,-1.06
9000,0.00832,-1.06
9000,0.008324,-1.06
9000,0.008328,-1.06
9000,0.008331999999999999,-1.06
9000,0.008336,-1.06
9000,0.00834,-1.04
9000,0.008344,-1.06
9000,0.008348,-1.04
9000,0.008352,-1.06
9000,0.008356,-1.06
9000,0.00836,-1.06
9000,0.008364,-1.06
9000,0.008368,-1.06
9000,0.008372,-1.06
9000,0.008376,-1.06
9000,0.00838,-1.06
9000,0.008383999999999999,-1.04
9000,0.008388,-1.04
9000,0.008392,-1.04
9000,0.008396,-1.04
9000,0.0084,-1.06
9000,0.008404,-1.06
9000,0.008408,-1.06
9000,0.008412,-1.06
9000,0.008416,-1.06
9000,0.00842,-1.04
9000,0.008424,-1.06
9000,0.008428,-1.06
9000,0.008432,-1.04
9000,0.008435999999999999,-1.06
9000,0.00844,-1.06
9000,0.008444,-1.04
9000,0.008448,-1.06
9000,0.008452,-1.08
9000,0.008456,-1.06
9000,0.00846,-1.06
9000,0.008464,-1.06
9000,0.008468,-1.06
9000,0.008472,-1.06
9000,0.008476,-1.06
9000,0.00848,-1.06
9000,0.008484,-1.06
9000,0.008487999999999999,-1.06
9000,0.008492,-1.06
9000,0.008496,-1.06
9000,0.0085,-1.04
9000,0.008504,-1.06
9000,0.008508,-1.06
9000,0.008512,-1.06
9000,0.008516,-1.06
9000,0.00852,-1.06
9000,0.008524,-1.06
9000,0.008527999999999999,-1.06
9000,0.008532,-1.06
9000,0.008536,-1.06
9000,0.00854,-1.06
9000,0.008544,-1.06
9000,0.008548,-1.08
9000,0.008552,-1.06
9000,0.008556,-1.06
9000,0.00856,-1.06
9000,0.008564,-1.06
9000,0.008568,-1.06
9000,0.008572,-1.08
9000,0.008576,-1.06
9000,0.008579999999999999,-1.06
9000,0.008584,-1.06
9000,0.008588,-1.06
9000,0.008592,-1.06
9000,0.008596,-1.08
9000,0.0086,-1.06
9000,0.008604,-1.06
9000,0.008608,-1.06
9000,0.008612,-1.06
9000,0.008616,-1.06
9000,0.00862,-1.04
9000,0.008624,-1.06
9000,0.008628,-1.06
9000,0.008631999999999999,-1.08
9000,0.008636,-1.08
9000,0.00864,-1.06
9000,0.008644,-1.08
9000,0.008648,-1.06
9000,0.008652,-1.06
9000,0.008656,-1.08
9000,0.00866,-1.06
9000,0.008664,-1.08
9000,0.008668,-1.08
9000,0.008672,-1.06
9000,0.008676,-1.08
9000,0.00868,-1.08
9000,0.008683999999999999,-1.06
9000,0.008688,-1.06
9000,0.008692,-1.06
9000,0.008696,-1.06
9000,0.0087,-1.08
9000,0.008704,-1.06
9000,0.008708,-1.08
9000,0.008712,-1.06
9000,0.008716,-1.08
9000,0.00872,-1.08
9000,0.008723999999999999,-1.06
9000,0.008728,-1.06
9000,0.008732,-1.06
9000,0.008736,-1.08
9000,0.00874,-1.08
9000,0.008744,-1.06
9000,0.008748,-1.08
9000,0.008752,-1.06
9000,0.008756,-1.08
9000,0.00876,-1.06
9000,0.008764,-1.08
9000,0.008768,-1.06
9000,0.008772,-1.06
9000,0.008775999999999999,-1.08
9000,0.00878,-1.08
9000,0.008784,-1.08
9000,0.008788,-1.06
9000,0.008792,-1.06
9000,0.008796,-1.06
9000,0.0088,-1.08
9000,0.008804,-1.08
9000,0.008808,-1.06
9000,0.008812,-1.08
9000,0.008816,-1.08
9000,0.00882,-1.06
9000,0.008824,-1.08
9000,0.008827999999999999,-1.08
9000,0.008832,-1.06
9000,0.008836,-1.08
9000,0.00884,-1.08
9000,0.008844,-1.06
9000,0.008848,-1.06
9000,0.008852,-1.06
9000,0.008856,-1.08
9000,0.00886,-1.06
9000,0.008864,-1.08
9000,0.008868,-1.06
9000,0.008872,-1.06
9000,0.008876,-1.08
9000,0.008879999999999999,-1.08
9000,0.008884,-1.08
9000,0.008888,-1.06
9000,0.008892,-1.06
9000,0.008896,-1.06
9000,0.0089,-1.08
9000,0.008904,-1.08
9000,0.008908,-1.06
9000,0.008912,-1.06
9000,0.008916,-1.06
9000,0.008919999999999999,-1.08
9000,0.008924,-1.08
9000,0.008928,-1.08
9000,0.008932,-1.06
9000,0.008936,-1.08
9000,0.00894,-1.08
9000,0.008944,-1.08
9000,0.008948,-1.08
9000,0.008952,-1.06
9000,0.008956,-1.08
9000,0.00896,-1.06
9000,0.008964,-1.06
9000,0.008968,-1.08
9000,0.008971999999999999,-1.06
9000,0.008976,-1.08
9000,0.00898,-1.06
9000,0.008984,-1.08
9000,0.008988,-1.06
9000,0.008992,-1.06
9000,0.008996,-1.06
9000,0.009,-1.08
9000,0.009004,-1.08
9000,0.009008,-1.08
9000,0.009012,-1.08
9000,0.009016,-1.08
9000,0.00902,-1.08
9000,0.009023999999999999,-1.08
9000,0.009028,-1.08
9000,0.009032,-1.06
9000,0.009036,-1.06
9000,0.00904,-1.08
9000,0.009044,-1.08
9000,0.009048,-1.08
9000,0.009052,-1.08
9000,0.009056,-1.08
9000,0.00906,-1.08
9000,0.009064,-1.06
9000,0.009068,-1.06
9000,0.009072,-1.08
9000,0.009075999999999999,-1.06
9000,0.00908,-1.06
9000,0.009084,-1.06
9000,0.009088,-1.08
9000,0.009092,-1.06
9000,0.009096,-1.06
9000,0.0091,-1.04
9000,0.009104,-1.04
9000,0.009108,-1.0
9000,0.009112,-1.0
9000,0.009115999999999999,-1.0
9000,0.00912,-0.98
9000,0.009124,-0.98
9000,0.009127999999999999,-0.98
9000,0.009132,-0.96
9000,0.009136,-0.9400000000000001
9000,0.00914,-0.92
9000,0.009144,-0.92
9000,0.009148,-0.92
9000,0.009152,-0.9
9000,0.009156,-0.88
9000,0.00916,-0.88
9000,0.009164,-0.88
9000,0.009167999999999999,-0.86
9000,0.009172,-0.84
9000,0.009176,-0.86
9000,0.00918,-0.84
9000,0.009184,-0.8200000000000001
9000,0.009188,-0.8
9000,0.009192,-0.8200000000000001
9000,0.009196,-0.8
9000,0.0092,-0.78
9000,0.009204,-0.76
9000,0.009208,-0.76
9000,0.009212,-0.76
9000,0.009216,-0.76
9000,0.009219999999999999,-0.74
9000,0.009224,-0.74
9000,0.009228,-0.72
9000,0.009232,-0.72
9000,0.009236,-0.72
9000,0.00924,-0.7000000000000001
9000,0.009244,-0.7000000000000001
9000,0.009248,-0.68
9000,0.009252,-0.7000000000000001
9000,0.009256,-0.68
9000,0.00926,-0.66
9000,0.009264,-0.66
9000,0.009268,-0.66
9000,0.009271999999999999,-0.64
9000,0.009276,-0.6
9000,0.00928,-0.62
9000,0.009284,-0.62
9000,0.009288,-0.6
9000,0.009292,-0.6
9000,0.009296,-0.6
9000,0.0093,-0.58
9000,0.009304,-0.58
9000,0.009308,-0.58
9000,0.009311999999999999,-0.56
9000,0.009316,-0.54
9000,0.00932,-0.54
9000,0.009323999999999999,-0.52
9000,0.009328,-0.52
9000,0.009332,-0.52
9000,0.009336,-0.5
9000,0.00934,-0.5
9000,0.009344,-0.48
9000,0.009348,-0.48
9000,0.009352,-0.46
9000,0.009356,-0.46
9000,0.00936,-0.46
9000,0.009363999999999999,-0.44
9000,0.009368,-0.44
9000,0.009372,-0.44
9000,0.009376,-0.44
9000,0.00938,-0.44
9000,0.009384,-0.4
9000,0.009388,-0.42
9000,0.009392,-0.4
9000,0.009396,-0.4
9000,0.0094,-0.4
9000,0.009404,-0.36
9000,0.009408,-0.4
9000,0.009412,-0.38
9000,0.009415999999999999,-0.36
9000,0.00942,-0.34
9000,0.009424,-0.34
9000,0.009428,-0.32
9000,0.009432,-0.32
9000,0.009436,-0.32
